Date,Time,Sampling_Point,Ambient_Temperature,Ambient_Humidity,Sample_Temperature,pH,EC_ÂµS_cm,TDS_mg_L,TSS_mL_sed_L,DO_mg_L,Water_Level_cm,Turbidity_NTU,Hardness_mg_CaCO3_L,Hardness_Classification,Total_Cl_mg_L,Year,Month,Day,pH_Category,Water_Quality
2023-05-09,14:15,Puente Bilbao,17.0,0.47,19.0,8.3,1630,810.0,1.8,4.3,35.0,59.25,147.0,BLANDA,156.0,2023,5,9,Neutral,Good
2023-06-14,14:30,Puente Bilbao,11.9,0.47,13.0,8.1,1000,490.0,18.0,5.3,35.0,41.2,94.0,BLANDA,78.0,2023,6,14,Neutral,Good
2023-06-14,14:30,Puente Bilbao,11.9,0.47,13.0,8.2,1000,490.0,18.0,4.67,35.0,38.9,86.0,BLANDA,82.0,2023,6,14,Neutral,Good
2023-06-14,15:00,Arroyo_Las Torres,11.9,0.47,13.0,8.3,1350,670.0,0.1,7.01,35.0,30.7,200.0,SEMIDURA,117.0,2023,6,14,Neutral,Good
2023-06-14,15:00,Arroyo_Las Torres,11.9,0.47,13.0,8.5,1350,660.0,0.1,7.23,35.0,25.6,196.0,SEMIDURA,117.0,2023,6,14,Neutral,Good
2023-06-14,15:00,Puente Irigoyen,11.9,0.47,13.0,8.2,1200,590.0,26.0,5.44,35.0,24.6,151.0,SEMIDURA,109.0,2023,6,14,Neutral,Good
2023-06-14,15:00,Puente Irigoyen,11.9,0.47,12.9,8.2,1220,600.0,26.0,5.34,35.0,24.0,151.0,SEMIDURA,113.0,2023,6,14,Neutral,Good
2023-06-14,15:30,Puente Falbo,11.9,0.47,12.8,8.0,1260,620.0,36.0,2.24,35.0,21.0,139.0,BLANDA,113.0,2023,6,14,Neutral,Good
2023-06-14,15:30,Puente Falbo,11.9,0.47,12.9,8.0,1260,620.0,36.0,1.95,35.0,21.5,139.0,BLANDA,113.0,2023,6,14,Neutral,Good
2023-06-23,12:30,Puente Bilbao,10.4,0.87,13.9,8.2,1250,620.0,28.0,4.55,35.0,60.5,102.0,BLANDA,121.0,2023,6,23,Neutral,Good
2023-06-23,12:30,Puente Bilbao,10.4,0.87,13.8,8.1,1220,600.0,28.0,4.47,35.0,118.0,102.0,BLANDA,121.0,2023,6,23,Neutral,Good
2023-06-23,12:45,Arroyo_Las Torres,10.4,0.87,13.2,8.3,1460,720.0,56.0,5.81,35.0,51.1,204.0,SEMIDURA,129.0,2023,6,23,Neutral,Good
2023-06-23,12:45,Arroyo_Las Torres,10.4,0.87,13.2,8.3,1410,700.0,56.0,5.77,35.0,55.8,200.0,SEMIDURA,133.0,2023,6,23,Neutral,Good
2023-06-23,12:55,Puente Irigoyen,10.4,0.87,14.4,8.1,1280,630.0,36.0,2.66,35.0,56.8,130.0,BLANDA,109.0,2023,6,23,Neutral,Good
2023-06-23,12:55,Puente Irigoyen,10.4,0.87,14.1,8.1,1290,640.0,36.0,3.38,35.0,52.8,122.0,BLANDA,113.0,2023,6,23,Neutral,Good
2023-06-23,13:05,Arroyo Salguero,10.4,0.87,14.6,8.2,930,460.0,0.1,5.88,35.0,5.16,204.0,SEMIDURA,59.0,2023,6,23,Neutral,Good
2023-06-23,13:05,Arroyo Salguero,10.4,0.87,14.8,8.2,940,460.0,0.1,6.02,35.0,127.0,208.0,SEMIDURA,63.0,2023,6,23,Neutral,Good
2023-06-23,13:15,Puente Falbo,10.4,0.87,14.3,8.1,1230,610.0,24.0,2.93,35.0,57.9,159.0,SEMIDURA,102.0,2023,6,23,Neutral,Good
2023-06-23,13:15,Puente Falbo,10.4,0.87,14.4,8.1,1290,640.0,24.0,3.48,35.0,53.9,163.0,SEMIDURA,102.0,2023,6,23,Neutral,Good
2023-06-26,14:15,Puente Bilbao,18.2,0.77,15.3,7.8,1280,630.0,110.0,2.03,35.0,296.1,106.0,BLANDA,128.0,2023,6,26,Neutral,Good
2023-06-26,14:15,Puente Bilbao,18.2,0.77,15.3,8.0,1290,630.0,110.0,1.94,35.0,296.1,106.0,BLANDA,126.0,2023,6,26,Neutral,Good
2023-06-26,14:45,Arroyo_Las Torres,18.2,0.77,15.2,8.3,1370,680.0,28.0,5.07,35.0,55.1,179.0,SEMIDURA,124.0,2023,6,26,Neutral,Good
2023-06-26,14:45,Arroyo_Las Torres,18.2,0.77,15.1,8.4,1400,680.0,28.0,4.51,35.0,46.7,167.0,SEMIDURA,126.0,2023,6,26,Neutral,Good
2023-06-26,14:45,Puente Irigoyen,18.2,0.77,15.4,8.0,1480,700.0,36.0,1.57,35.0,58.7,151.0,SEMIDURA,128.0,2023,6,26,Neutral,Good
2023-06-26,14:45,Puente Irigoyen,18.2,0.77,15.2,8.0,1430,710.0,36.0,1.52,35.0,78.3,147.0,BLANDA,130.0,2023,6,26,Neutral,Good
2023-06-26,15:00,Arroyo Salguero,18.2,0.77,15.2,8.3,990,490.0,0.1,5.3,35.0,2.68,212.0,SEMIDURA,64.0,2023,6,26,Neutral,Good
2023-06-26,15:00,Arroyo Salguero,18.2,0.77,15.0,8.3,970,480.0,0.1,5.53,35.0,3.4,204.0,SEMIDURA,64.0,2023,6,26,Neutral,Good
2023-06-26,15:15,Puente Falbo,18.2,0.77,15.4,8.0,1330,660.0,42.0,1.8,35.0,88.5,155.0,SEMIDURA,105.0,2023,6,26,Neutral,Good
2023-06-26,15:15,Puente Falbo,18.2,0.77,15.5,8.0,1290,640.0,42.0,1.83,35.0,59.8,163.0,SEMIDURA,107.0,2023,6,26,Neutral,Good
2023-06-28,13:30,Puente Bilbao,14.4,0.4,15.6,8.3,1240,610.0,40.0,4.59,35.0,40.8,110.0,BLANDA,99.0,2023,6,28,Neutral,Good
2023-06-28,13:30,Puente Bilbao,14.4,0.4,16.1,8.2,1240,610.0,40.0,4.32,35.0,44.8,106.0,BLANDA,99.0,2023,6,28,Neutral,Good
2023-06-28,13:45,Arroyo_Las Torres,14.4,0.4,17.1,8.5,1480,730.0,70.0,7.65,35.0,247.0,179.0,SEMIDURA,141.0,2023,6,28,Neutral,Good
2023-06-28,13:45,Arroyo_Las Torres,14.4,0.4,16.9,8.4,1470,730.0,70.0,7.05,35.0,296.1,188.0,SEMIDURA,140.0,2023,6,28,Neutral,Good
2023-06-28,14:00,Puente Irigoyen,14.4,0.4,16.6,8.1,1310,650.0,46.0,1.68,35.0,91.5,135.0,BLANDA,116.0,2023,6,28,Neutral,Good
2023-06-28,14:00,Puente Irigoyen,14.4,0.4,16.6,8.1,1360,670.0,46.0,2.4,35.0,133.0,135.0,BLANDA,114.0,2023,6,28,Neutral,Good
2023-06-28,14:15,Arroyo Salguero,14.4,0.4,16.8,8.3,990,490.0,0.1,5.89,35.0,2.77,212.0,SEMIDURA,64.0,2023,6,28,Neutral,Good
2023-06-28,14:15,Arroyo Salguero,14.4,0.4,16.8,8.3,1000,490.0,0.1,6.14,35.0,3.59,204.0,SEMIDURA,66.0,2023,6,28,Neutral,Good
2023-06-28,14:30,Puente Falbo,14.4,0.4,17.9,8.2,1340,660.0,32.0,1.76,35.0,48.6,147.0,BLANDA,109.0,2023,6,28,Neutral,Good
2023-06-28,14:30,Puente Falbo,14.4,0.4,16.7,8.1,1330,660.0,32.0,1.75,35.0,47.0,151.0,SEMIDURA,107.0,2023,6,28,Neutral,Good
2023-07-05,15:15,Puente Bilbao,18.0,0.6,17.8,7.9,1210,600.0,92.0,1.79,28.0,296.1,114.0,BLANDA,97.0,2023,7,5,Neutral,Good
2023-07-05,15:15,Puente Bilbao,18.0,0.6,18.1,7.7,1170,580.0,92.0,1.35,28.0,296.1,114.0,BLANDA,95.0,2023,7,5,Neutral,Good
2023-07-05,15:35,Arroyo_Las Torres,18.0,0.6,18.2,8.1,1000,490.0,50.0,4.97,28.0,238.0,135.0,BLANDA,79.0,2023,7,5,Neutral,Good
2023-07-05,15:35,Arroyo_Las Torres,18.0,0.6,18.2,8.1,1000,490.0,50.0,3.12,28.0,296.1,139.0,BLANDA,81.0,2023,7,5,Neutral,Good
2023-07-05,15:45,Puente Irigoyen,18.0,0.6,18.2,8.2,1310,640.0,64.0,1.71,48.0,95.6,135.0,BLANDA,120.0,2023,7,5,Neutral,Good
2023-07-05,15:45,Puente Irigoyen,18.0,0.6,18.1,8.1,1320,650.0,64.0,0.97,48.0,109.0,130.0,BLANDA,116.0,2023,7,5,Neutral,Good
2023-07-05,15:55,Arroyo Salguero,18.0,0.6,18.4,8.0,750,370.0,26.0,4.65,25.0,11.6,155.0,SEMIDURA,50.0,2023,7,5,Neutral,Good
2023-07-05,15:55,Arroyo Salguero,18.0,0.6,18.4,8.0,750,370.0,26.0,4.84,25.0,13.5,159.0,SEMIDURA,48.0,2023,7,5,Neutral,Good
2023-07-05,16:10,Puente Falbo,18.0,0.6,18.4,8.1,1350,670.0,56.0,1.29,35.0,93.8,143.0,BLANDA,118.0,2023,7,5,Neutral,Good
2023-07-05,16:10,Puente Falbo,18.0,0.6,18.4,8.1,1340,660.0,56.0,1.45,35.0,159.0,147.0,BLANDA,120.0,2023,7,5,Neutral,Good
2023-07-07,14:45,Puente Bilbao,14.3,0.54,21.0,8.1,1370,680.0,56.0,3.6,25.0,199.0,106.0,BLANDA,118.0,2023,7,7,Neutral,Good
2023-07-07,14:45,Puente Bilbao,14.3,0.54,25.5,8.1,1400,690.0,56.0,1.87,25.0,220.0,110.0,BLANDA,120.0,2023,7,7,Neutral,Good
2023-07-07,15:00,Arroyo_Las Torres,14.3,0.54,23.6,8.4,1330,660.0,48.0,7.48,35.0,39.9,179.0,SEMIDURA,118.0,2023,7,7,Neutral,Good
2023-07-07,15:00,Arroyo_Las Torres,14.3,0.54,24.3,8.4,1390,690.0,48.0,7.15,35.0,49.9,175.0,SEMIDURA,118.0,2023,7,7,Neutral,Good
2023-07-07,15:05,Puente Irigoyen,14.3,0.54,16.1,8.2,1220,600.0,76.0,2.27,48.0,114.0,155.0,SEMIDURA,114.0,2023,7,7,Neutral,Good
2023-07-07,15:05,Puente Irigoyen,14.3,0.54,28.1,8.1,1360,670.0,76.0,2.35,48.0,113.0,159.0,SEMIDURA,116.0,2023,7,7,Neutral,Good
2023-07-07,15:15,Arroyo Salguero,14.3,0.54,15.1,8.3,890,440.0,14.0,5.16,43.0,20.0,196.0,SEMIDURA,54.0,2023,7,7,Neutral,Good
2023-07-07,15:15,Arroyo Salguero,14.3,0.54,27.5,8.2,1000,490.0,14.0,5.27,43.0,46.5,192.0,SEMIDURA,56.0,2023,7,7,Neutral,Good
2023-07-07,15:25,Puente Falbo,14.3,0.54,20.0,8.1,1450,720.0,14.0,1.48,45.0,85.4,167.0,SEMIDURA,109.0,2023,7,7,Neutral,Good
2023-07-07,15:25,Puente Falbo,14.3,0.54,25.1,8.1,1370,680.0,14.0,1.32,45.0,123.0,163.0,SEMIDURA,112.0,2023,7,7,Neutral,Good
2023-08-02,14:10,Puente Bilbao,26.0,0.87,18.1,7.2,1430,710.0,650.0,1.12,30.0,296.1,147.0,BLANDA,109.0,2023,8,2,Neutral,Good
2023-08-02,14:10,Puente Bilbao,26.0,0.87,18.2,7.2,1450,720.0,650.0,0.85,30.0,296.1,151.0,SEMIDURA,109.0,2023,8,2,Neutral,Good
2023-08-02,14:25,Arroyo_Las Torres,26.0,0.87,18.1,8.4,1400,690.0,80.0,3.59,35.0,221.0,183.0,SEMIDURA,124.0,2023,8,2,Neutral,Good
2023-08-02,14:25,Arroyo_Las Torres,26.0,0.87,18.1,8.4,1370,680.0,80.0,3.46,35.0,296.1,179.0,SEMIDURA,124.0,2023,8,2,Neutral,Good
2023-08-02,14:35,Puente Irigoyen,26.0,0.87,18.3,8.0,1380,680.0,50.0,1.56,55.0,158.0,143.0,BLANDA,107.0,2023,8,2,Neutral,Good
2023-08-02,14:35,Puente Irigoyen,26.0,0.87,18.3,8.0,1340,660.0,50.0,2.0,55.0,209.0,147.0,BLANDA,107.0,2023,8,2,Neutral,Good
2023-08-02,14:45,Arroyo Salguero,26.0,0.87,18.3,8.2,1020,500.0,70.0,4.3,30.0,21.9,212.0,SEMIDURA,68.0,2023,8,2,Neutral,Good
2023-08-02,14:45,Arroyo Salguero,26.0,0.87,18.2,8.2,1040,510.0,70.0,4.02,30.0,65.0,216.0,SEMIDURA,70.0,2023,8,2,Neutral,Good
2023-08-02,14:55,Puente Falbo,26.0,0.87,18.2,8.1,1440,710.0,64.0,1.93,50.0,123.0,179.0,SEMIDURA,124.0,2023,8,2,Neutral,Good
2023-08-02,14:55,Puente Falbo,26.0,0.87,18.2,8.1,1450,720.0,64.0,1.84,50.0,148.0,175.0,SEMIDURA,120.0,2023,8,2,Neutral,Good
2023-08-08,14:30,Puente Bilbao,13.4,0.56,16.8,8.1,1470,730.0,128.0,0.68,30.0,60.9,181.0,SEMIDURA,110.0,2023,8,8,Neutral,Good
2023-08-08,14:30,Puente Bilbao,13.4,0.56,15.8,8.2,1460,720.0,128.0,0.73,30.0,53.4,181.0,SEMIDURA,110.0,2023,8,8,Neutral,Good
2023-08-08,14:45,Arroyo_Las Torres,13.4,0.56,16.0,8.6,1520,750.0,50.0,8.17,25.0,25.2,263.0,SEMIDURA,125.0,2023,8,8,Alkaline,Moderate
2023-08-08,14:45,Arroyo_Las Torres,13.4,0.56,15.8,8.4,1480,730.0,50.0,8.245000000000001,25.0,29.4,263.0,SEMIDURA,125.0,2023,8,8,Neutral,Good
2023-08-08,14:55,Puente Irigoyen,13.4,0.56,15.4,8.3,1550,770.0,40.0,1.11,55.0,62.7,222.0,SEMIDURA,133.0,2023,8,8,Neutral,Good
2023-08-08,14:55,Puente Irigoyen,13.4,0.56,15.8,8.3,1510,750.0,40.0,0.73,55.0,67.4,222.0,SEMIDURA,133.0,2023,8,8,Neutral,Good
2023-08-08,15:05,Arroyo Salguero,13.4,0.56,15.6,8.2,1140,570.0,36.0,2.74,30.0,5.47,316.0,SEMIDURA,64.0,2023,8,8,Neutral,Good
2023-08-08,15:05,Arroyo Salguero,13.4,0.56,15.8,8.2,1150,560.0,36.0,2.44,30.0,22.7,316.0,SEMIDURA,64.0,2023,8,8,Neutral,Good
2023-08-08,15:20,Puente Falbo,13.4,0.56,15.5,8.2,1420,700.0,66.0,0.88,45.0,66.0,257.0,SEMIDURA,100.0,2023,8,8,Neutral,Good
2023-08-08,15:20,Puente Falbo,13.4,0.56,15.9,8.2,1480,730.0,66.0,1.3,45.0,87.2,257.0,SEMIDURA,100.0,2023,8,8,Neutral,Good
2023-08-15,14:40,Puente Bilbao,23.0,0.36,21.0,7.3,1590,790.0,620.0,0.0,25.0,296.1,228.0,SEMIDURA,118.0,2023,8,15,Neutral,Good
2023-08-15,14:40,Puente Bilbao,23.0,0.36,20.8,7.3,1520,750.0,620.0,0.0,25.0,296.1,228.0,SEMIDURA,118.0,2023,8,15,Neutral,Good
2023-08-15,15:00,Arroyo_Las Torres,23.0,0.36,21.2,8.5,1430,710.0,76.0,5.22,30.0,147.0,257.0,SEMIDURA,112.0,2023,8,15,Neutral,Good
2023-08-15,15:00,Arroyo_Las Torres,23.0,0.36,21.1,8.5,1410,700.0,76.0,4.25,30.0,150.0,257.0,SEMIDURA,112.0,2023,8,15,Neutral,Good
2023-08-15,15:10,Puente Irigoyen,23.0,0.36,21.3,8.1,1690,840.0,84.0,0.63,55.0,160.0,222.0,SEMIDURA,145.0,2023,8,15,Neutral,Good
2023-08-15,15:10,Puente Irigoyen,23.0,0.36,21.2,8.1,1670,830.0,84.0,0.75,55.0,154.0,222.0,SEMIDURA,145.0,2023,8,15,Neutral,Good
2023-08-15,15:20,Arroyo Salguero,23.0,0.36,21.4,8.2,1120,550.0,2.0,2.68,45.0,4.52,293.0,SEMIDURA,64.0,2023,8,15,Neutral,Good
2023-08-15,15:20,Arroyo Salguero,23.0,0.36,21.3,8.1,1100,540.0,2.0,1.75,45.0,4.91,293.0,SEMIDURA,64.0,2023,8,15,Neutral,Good
2023-08-15,15:30,Puente Falbo,23.0,0.36,21.4,8.1,1500,740.0,50.0,0.26,45.0,116.0,257.0,SEMIDURA,99.0,2023,8,15,Neutral,Good
2023-08-15,15:30,Puente Falbo,23.0,0.36,21.3,8.0,1440,710.0,50.0,0.25,45.0,38.5,257.0,SEMIDURA,99.0,2023,8,15,Neutral,Good
2023-08-18,14:10,Puente Bilbao,15.2,0.52,17.4,8.1,1020,500.0,82.0,2.87,35.0,296.1,135.0,BLANDA,64.0,2023,8,18,Neutral,Good
2023-08-18,14:10,Puente Bilbao,15.2,0.52,17.3,8.0,960,470.0,82.0,1.82,35.0,296.1,135.0,BLANDA,64.0,2023,8,18,Neutral,Good
2023-08-18,14:30,Arroyo_Las Torres,15.2,0.52,17.5,8.1,640,310.0,66.0,5.35,40.0,161.0,152.0,SEMIDURA,49.0,2023,8,18,Neutral,Good
2023-08-18,14:30,Arroyo_Las Torres,15.2,0.52,17.7,8.2,620,300.0,66.0,5.43,40.0,161.0,152.0,SEMIDURA,49.0,2023,8,18,Neutral,Good
2023-08-18,14:35,Puente Irigoyen,15.2,0.52,17.8,8.1,740,360.0,70.0,3.84,50.0,124.0,135.0,BLANDA,59.0,2023,8,18,Neutral,Good
2023-08-18,14:35,Puente Irigoyen,15.2,0.52,17.6,8.1,750,370.0,70.0,3.8,50.0,124.0,135.0,BLANDA,59.0,2023,8,18,Neutral,Good
2023-08-18,14:45,Arroyo Salguero,15.2,0.52,17.8,7.9,290,237.5,1.8,4.82,25.0,41.3,94.0,BLANDA,15.0,2023,8,18,Neutral,Good
2023-08-18,14:45,Arroyo Salguero,15.2,0.52,17.9,7.9,200,237.5,1.8,5.47,25.0,41.3,94.0,BLANDA,15.0,2023,8,18,Neutral,Good
2023-08-18,14:55,Puente Falbo,15.2,0.52,18.3,8.0,990,490.0,48.0,1.92,55.0,87.2,146.0,BLANDA,77.0,2023,8,18,Neutral,Good
2023-08-18,14:55,Puente Falbo,15.2,0.52,18.4,8.1,1000,490.0,48.0,1.89,55.0,87.2,146.0,BLANDA,77.0,2023,8,18,Neutral,Good
2023-08-24,15:20,Puente Bilbao,14.4,0.48,16.9,8.7,1110,550.0,130.0,5.47,30.0,212.0,111.0,BLANDA,76.0,2023,8,24,Alkaline,Moderate
2023-08-24,15:20,Puente Bilbao,14.4,0.48,16.8,8.7,1060,520.0,130.0,3.74,30.0,81.0,111.0,BLANDA,76.0,2023,8,24,Alkaline,Moderate
2023-08-24,15:40,Arroyo_Las Torres,14.4,0.48,16.9,8.4,1440,710.0,64.0,5.11,30.0,23.6,140.0,BLANDA,97.0,2023,8,24,Neutral,Good
2023-08-24,15:40,Arroyo_Las Torres,14.4,0.48,16.9,8.4,1400,690.0,64.0,4.62,30.0,14.1,140.0,BLANDA,97.0,2023,8,24,Neutral,Good
2023-08-24,15:45,Puente Irigoyen,14.4,0.48,16.9,8.4,1200,590.0,70.0,1.73,65.0,88.9,111.0,BLANDA,85.0,2023,8,24,Neutral,Good
2023-08-24,15:45,Puente Irigoyen,14.4,0.48,16.9,8.3,1180,580.0,70.0,1.33,65.0,89.2,111.0,BLANDA,85.0,2023,8,24,Neutral,Good
2023-08-24,15:55,Arroyo Salguero,14.4,0.48,16.9,8.2,1120,550.0,24.0,3.34,20.0,2.95,211.0,SEMIDURA,64.0,2023,8,24,Neutral,Good
2023-08-24,15:55,Arroyo Salguero,14.4,0.48,16.8,8.1,1140,560.0,24.0,2.82,20.0,3.63,211.0,SEMIDURA,64.0,2023,8,24,Neutral,Good
2023-08-24,16:10,Puente Falbo,14.4,0.48,17.0,8.3,1340,660.0,50.0,1.39,55.0,56.5,135.0,BLANDA,104.0,2023,8,24,Neutral,Good
2023-08-24,16:10,Puente Falbo,14.4,0.48,17.0,8.3,1350,660.0,50.0,1.05,55.0,118.0,135.0,BLANDA,104.0,2023,8,24,Neutral,Good
2023-09-05,14:45,Puente Bilbao,12.8,0.57,15.2,8.6,940,460.0,60.0,5.64,55.0,177.0,117.0,BLANDA,69.0,2023,9,5,Alkaline,Moderate
2023-09-05,14:45,Puente Bilbao,12.8,0.57,15.3,8.4,930,460.0,60.0,3.28,55.0,128.0,117.0,BLANDA,69.0,2023,9,5,Neutral,Good
2023-09-05,15:05,Arroyo_Las Torres,12.8,0.57,15.2,8.4,1300,640.0,80.0,7.93,35.0,33.4,263.0,SEMIDURA,104.0,2023,9,5,Neutral,Good
2023-09-05,15:05,Arroyo_Las Torres,12.8,0.57,15.2,8.5,1320,650.0,80.0,7.9,35.0,31.7,263.0,SEMIDURA,104.0,2023,9,5,Neutral,Good
2023-09-05,15:10,Puente Irigoyen,12.8,0.57,15.1,8.3,1070,530.0,46.0,2.9,65.0,117.0,176.0,SEMIDURA,81.0,2023,9,5,Neutral,Good
2023-09-05,15:10,Puente Irigoyen,12.8,0.57,15.2,8.4,1080,530.0,46.0,3.18,65.0,113.0,176.0,SEMIDURA,81.0,2023,9,5,Neutral,Good
2023-09-05,15:20,Arroyo Salguero,12.8,0.57,15.3,8.0,1110,550.0,18.0,4.18,25.0,5.04,316.0,SEMIDURA,66.0,2023,9,5,Neutral,Good
2023-09-05,15:20,Arroyo Salguero,12.8,0.57,15.3,8.1,1080,550.0,18.0,4.23,25.0,5.69,316.0,SEMIDURA,66.0,2023,9,5,Neutral,Good
2023-09-05,15:40,Puente Falbo,12.8,0.57,15.4,8.4,1050,520.0,44.0,1.96,70.0,113.0,146.0,BLANDA,82.0,2023,9,5,Neutral,Good
2023-09-05,15:40,Puente Falbo,12.8,0.57,15.4,8.4,1070,530.0,44.0,1.67,70.0,133.0,146.0,BLANDA,82.0,2023,9,5,Neutral,Good
2023-09-14,14:15,Puente Bilbao,15.0,0.51,20.6,8.4,1080,530.0,56.0,6.66,40.0,128.0,135.0,BLANDA,76.0,2023,9,14,Neutral,Good
2023-09-14,14:15,Puente Bilbao,15.0,0.51,20.8,8.4,1050,520.0,56.0,5.57,40.0,87.2,135.0,BLANDA,76.0,2023,9,14,Neutral,Good
2023-09-14,14:35,Arroyo_Las Torres,15.0,0.51,20.8,8.4,1460,720.0,60.0,4.54,35.0,21.7,269.0,SEMIDURA,135.0,2023,9,14,Neutral,Good
2023-09-14,14:35,Arroyo_Las Torres,15.0,0.51,20.7,8.4,1440,710.0,60.0,3.98,35.0,31.4,269.0,SEMIDURA,135.0,2023,9,14,Neutral,Good
2023-09-14,14:40,Puente Irigoyen,15.0,0.51,20.8,8.3,1280,630.0,54.0,3.1,65.0,98.9,187.0,SEMIDURA,104.0,2023,9,14,Neutral,Good
2023-09-14,14:40,Puente Irigoyen,15.0,0.51,20.8,8.3,1350,660.0,54.0,2.7,65.0,106.0,187.0,SEMIDURA,104.0,2023,9,14,Neutral,Good
2023-09-14,14:50,Arroyo Salguero,15.0,0.51,20.9,8.1,1060,520.0,42.0,4.02,30.0,22.6,304.0,SEMIDURA,59.0,2023,9,14,Neutral,Good
2023-09-14,14:50,Arroyo Salguero,15.0,0.51,20.9,8.1,1130,550.0,42.0,5.08,30.0,12.4,304.0,SEMIDURA,59.0,2023,9,14,Neutral,Good
2023-09-14,15:00,Puente Falbo,15.0,0.51,20.9,8.2,1350,670.0,48.0,2.08,55.0,183.0,176.0,SEMIDURA,112.0,2023,9,14,Neutral,Good
2023-09-14,15:00,Puente Falbo,15.0,0.51,21.1,8.2,1370,670.0,48.0,3.33,55.0,213.0,176.0,SEMIDURA,112.0,2023,9,14,Neutral,Good
2023-09-29,15:15,Puente Bilbao,19.2,0.47,19.9,8.0,1430,710.0,80.0,4.61,30.0,167.0,176.0,SEMIDURA,115.0,2023,9,29,Neutral,Good
2023-09-29,15:15,Puente Bilbao,19.2,0.47,19.9,8.2,1460,720.0,80.0,3.17,30.0,168.0,176.0,SEMIDURA,115.0,2023,9,29,Neutral,Good
2023-09-29,15:30,Arroyo_Las Torres,19.2,0.47,19.9,8.2,1480,730.0,120.0,3.77,30.0,296.1,257.0,SEMIDURA,128.0,2023,9,29,Neutral,Good
2023-09-29,15:30,Arroyo_Las Torres,19.2,0.47,19.8,8.2,1520,750.0,120.0,1.48,30.0,296.1,257.0,SEMIDURA,128.0,2023,9,29,Neutral,Good
2023-09-29,15:40,Puente Irigoyen,19.2,0.47,19.9,8.0,1510,750.0,66.0,1.86,35.0,99.7,228.0,SEMIDURA,117.0,2023,9,29,Neutral,Good
2023-09-29,15:40,Puente Irigoyen,19.2,0.47,20.0,8.0,1540,760.0,66.0,1.49,35.0,100.0,228.0,SEMIDURA,117.0,2023,9,29,Neutral,Good
2023-09-29,15:45,Arroyo Salguero,19.2,0.47,19.9,7.9,1110,550.0,10.0,3.81,10.0,6.05,304.0,SEMIDURA,62.0,2023,9,29,Neutral,Good
2023-09-29,15:45,Arroyo Salguero,19.2,0.47,20.1,7.9,1110,550.0,10.0,3.0,10.0,3.2,304.0,SEMIDURA,62.0,2023,9,29,Neutral,Good
2023-09-29,16:00,Puente Falbo,19.2,0.47,20.1,8.0,1550,770.0,44.0,1.3,50.0,52.1,228.0,SEMIDURA,128.0,2023,9,29,Neutral,Good
2023-09-29,16:00,Puente Falbo,19.2,0.47,20.2,8.0,1540,760.0,44.0,4.05,50.0,44.6,228.0,SEMIDURA,128.0,2023,9,29,Neutral,Good
2023-10-03,15:10,Puente Bilbao,20.2,0.54,23.2,7.8,1490,740.0,74.0,0.95,35.0,296.1,187.0,SEMIDURA,117.0,2023,10,3,Neutral,Good
2023-10-03,15:10,Puente Bilbao,20.2,0.54,23.0,7.9,1540,760.0,74.0,1.14,35.0,296.1,187.0,SEMIDURA,117.0,2023,10,3,Neutral,Good
2023-10-03,15:25,Arroyo_Las Torres,20.2,0.54,23.0,8.0,1490,740.0,40.0,1.38,30.0,296.1,246.0,SEMIDURA,123.0,2023,10,3,Neutral,Good
2023-10-03,15:25,Arroyo_Las Torres,20.2,0.54,22.9,8.3,1560,770.0,40.0,0.49,30.0,296.1,246.0,SEMIDURA,123.0,2023,10,3,Neutral,Good
2023-10-03,15:30,Puente Irigoyen,20.2,0.54,22.9,8.1,1530,750.0,38.0,0.53,45.0,54.5,228.0,SEMIDURA,117.0,2023,10,3,Neutral,Good
2023-10-03,15:30,Puente Irigoyen,20.2,0.54,22.8,8.0,1540,760.0,38.0,0.53,45.0,27.4,228.0,SEMIDURA,117.0,2023,10,3,Neutral,Good
2023-10-03,15:35,Arroyo Salguero,20.2,0.54,22.9,7.9,1130,560.0,56.0,1.02,20.0,1.3,298.0,SEMIDURA,58.0,2023,10,3,Neutral,Good
2023-10-03,15:35,Arroyo Salguero,20.2,0.54,22.9,7.9,1140,560.0,56.0,0.65,20.0,2.51,298.0,SEMIDURA,58.0,2023,10,3,Neutral,Good
2023-10-03,15:45,Puente Falbo,20.2,0.54,22.8,7.9,1640,810.0,86.0,0.7,55.0,124.0,211.0,SEMIDURA,127.0,2023,10,3,Neutral,Good
2023-10-03,15:45,Puente Falbo,20.2,0.54,22.9,7.9,1680,830.0,86.0,0.65,55.0,30.4,211.0,SEMIDURA,127.0,2023,10,3,Neutral,Good
2023-10-10,15:05,Puente Bilbao,27.6,0.38,22.2,7.5,1650,820.0,280.0,0.0,30.0,296.1,188.0,SEMIDURA,109.0,2023,10,10,Neutral,Good
2023-10-10,15:05,Puente Bilbao,27.6,0.38,22.2,7.3,1580,780.0,280.0,0.19,30.0,296.1,188.0,SEMIDURA,109.0,2023,10,10,Neutral,Good
2023-10-10,15:20,Arroyo_Las Torres,27.6,0.38,21.9,8.2,1390,690.0,80.0,1.88,25.0,79.0,246.0,SEMIDURA,99.0,2023,10,10,Neutral,Good
2023-10-10,15:20,Arroyo_Las Torres,27.6,0.38,22.3,8.2,1420,700.0,80.0,1.42,25.0,48.5,246.0,SEMIDURA,99.0,2023,10,10,Neutral,Good
2023-10-10,15:25,Puente Irigoyen,27.6,0.38,22.3,8.1,1570,780.0,40.0,2.16,35.0,41.0,228.0,SEMIDURA,112.0,2023,10,10,Neutral,Good
2023-10-10,15:25,Puente Irigoyen,27.6,0.38,22.3,8.0,1560,770.0,40.0,1.96,35.0,40.9,228.0,SEMIDURA,112.0,2023,10,10,Neutral,Good
2023-10-10,15:35,Arroyo Salguero,27.6,0.38,22.2,7.9,1080,530.0,24.0,2.66,25.0,3.0,298.0,SEMIDURA,56.0,2023,10,10,Neutral,Good
2023-10-10,15:35,Arroyo Salguero,27.6,0.38,22.2,7.8,1050,520.0,24.0,1.94,25.0,2.93,298.0,SEMIDURA,56.0,2023,10,10,Neutral,Good
2023-10-10,15:40,Puente Falbo,27.6,0.38,22.3,7.9,1640,810.0,50.0,1.54,55.0,42.8,252.0,SEMIDURA,118.0,2023,10,10,Neutral,Good
2023-10-10,15:40,Puente Falbo,27.6,0.38,22.3,7.9,1640,810.0,50.0,1.61,55.0,45.4,252.0,SEMIDURA,118.0,2023,10,10,Neutral,Good
2023-10-17,15:05,Puente Bilbao,18.7,0.19,21.2,7.7,1620,800.0,100.0,0.9,30.0,285.0,193.0,SEMIDURA,142.0,2023,10,17,Neutral,Good
2023-10-17,15:05,Puente Bilbao,18.7,0.19,21.6,7.8,1630,810.0,100.0,0.63,30.0,206.0,193.0,SEMIDURA,142.0,2023,10,17,Neutral,Good
2023-10-17,15:35,Arroyo_Las Torres,18.7,0.19,21.7,7.9,1440,710.0,50.0,1.39,30.0,43.3,240.0,SEMIDURA,158.0,2023,10,17,Neutral,Good
2023-10-17,15:35,Arroyo_Las Torres,18.7,0.19,21.7,8.0,1530,760.0,50.0,1.23,30.0,52.1,240.0,SEMIDURA,158.0,2023,10,17,Neutral,Good
2023-10-17,15:40,Puente Irigoyen,18.7,0.19,21.7,7.9,1600,790.0,46.0,1.21,40.0,33.0,228.0,SEMIDURA,174.0,2023,10,17,Neutral,Good
2023-10-17,15:40,Puente Irigoyen,18.7,0.19,21.6,7.9,1610,800.0,46.0,1.06,40.0,27.8,228.0,SEMIDURA,174.0,2023,10,17,Neutral,Good
2023-10-17,15:45,Arroyo Salguero,18.7,0.19,21.7,7.7,930,460.0,20.0,1.67,30.0,1.89,234.0,SEMIDURA,79.0,2023,10,17,Neutral,Good
2023-10-17,15:45,Arroyo Salguero,18.7,0.19,21.7,7.7,940,470.0,20.0,1.57,30.0,2.23,234.0,SEMIDURA,79.0,2023,10,17,Neutral,Good
2023-10-17,15:55,Puente Falbo,18.7,0.19,22.0,7.4,1710,850.0,70.0,0.62,50.0,296.1,222.0,SEMIDURA,174.0,2023,10,17,Neutral,Good
2023-10-17,15:55,Puente Falbo,18.7,0.19,22.0,7.5,1710,850.0,70.0,1.08,50.0,197.0,222.0,SEMIDURA,174.0,2023,10,17,Neutral,Good
2023-10-24,15:15,Puente Bilbao,17.0,0.72,19.7,7.6,1570,780.0,60.0,2.27,30.0,33.4,193.0,SEMIDURA,142.0,2023,10,24,Neutral,Good
2023-10-24,15:15,Puente Bilbao,17.0,0.72,19.5,7.7,1500,740.0,60.0,2.24,30.0,30.4,193.0,SEMIDURA,142.0,2023,10,24,Neutral,Good
2023-10-24,15:35,Arroyo_Las Torres,17.0,0.72,19.5,7.8,1180,580.0,40.0,1.18,25.0,35.5,211.0,SEMIDURA,107.0,2023,10,24,Neutral,Good
2023-10-24,15:35,Arroyo_Las Torres,17.0,0.72,19.6,7.8,1180,580.0,40.0,1.35,25.0,36.8,211.0,SEMIDURA,107.0,2023,10,24,Neutral,Good
2023-10-24,15:40,Puente Irigoyen,17.0,0.72,19.8,7.9,1450,720.0,24.0,1.25,35.0,36.9,222.0,SEMIDURA,150.0,2023,10,24,Neutral,Good
2023-10-24,15:40,Puente Irigoyen,17.0,0.72,19.8,7.8,1460,720.0,24.0,0.96,35.0,44.2,222.0,SEMIDURA,150.0,2023,10,24,Neutral,Good
2023-10-24,15:50,Arroyo Salguero,17.0,0.72,19.9,7.6,830,410.0,44.0,1.98,20.0,4.68,252.0,SEMIDURA,47.0,2023,10,24,Neutral,Good
2023-10-24,15:50,Arroyo Salguero,17.0,0.72,19.9,7.6,830,410.0,44.0,1.7,20.0,3.5,252.0,SEMIDURA,47.0,2023,10,24,Neutral,Good
2023-10-24,15:55,Puente Falbo,17.0,0.72,20.1,7.8,1520,750.0,54.0,1.41,45.0,39.9,211.0,SEMIDURA,142.0,2023,10,24,Neutral,Good
2023-10-24,15:55,Puente Falbo,17.0,0.72,20.1,7.8,1530,750.0,54.0,1.64,45.0,47.4,211.0,SEMIDURA,142.0,2023,10,24,Neutral,Good
2023-10-31,15:00,Puente Bilbao,13.8,0.69,19.2,7.8,1610,790.0,52.0,1.11,25.0,81.0,165.0,SEMIDURA,122.0,2023,10,31,Neutral,Good
2023-10-31,15:00,Puente Bilbao,13.8,0.69,19.3,7.8,1610,790.0,52.0,1.17,25.0,62.5,165.0,SEMIDURA,122.0,2023,10,31,Neutral,Good
2023-10-31,15:15,Arroyo_Las Torres,13.8,0.69,19.0,8.0,1280,640.0,44.0,1.32,30.0,31.7,205.0,SEMIDURA,130.0,2023,10,31,Neutral,Good
2023-10-31,15:15,Arroyo_Las Torres,13.8,0.69,18.8,8.0,1320,650.0,44.0,1.44,30.0,25.3,205.0,SEMIDURA,130.0,2023,10,31,Neutral,Good
2023-10-31,15:20,Puente Irigoyen,13.8,0.69,19.0,7.9,1390,690.0,48.0,2.04,40.0,30.1,200.0,SEMIDURA,142.0,2023,10,31,Neutral,Good
2023-10-31,15:20,Puente Irigoyen,13.8,0.69,18.9,8.0,1420,700.0,48.0,1.53,40.0,26.6,200.0,SEMIDURA,142.0,2023,10,31,Neutral,Good
2023-10-31,15:25,Arroyo Salguero,13.8,0.69,19.1,7.9,880,430.0,30.0,3.46,30.0,10.1,217.0,SEMIDURA,55.0,2023,10,31,Neutral,Good
2023-10-31,15:25,Arroyo Salguero,13.8,0.69,19.1,8.0,890,440.0,30.0,3.41,30.0,9.31,217.0,SEMIDURA,55.0,2023,10,31,Neutral,Good
2023-10-31,15:35,Puente Falbo,13.8,0.69,19.4,7.9,1430,710.0,20.0,1.68,60.0,43.4,188.0,SEMIDURA,134.0,2023,10,31,Neutral,Good
2023-10-31,15:35,Puente Falbo,13.8,0.69,19.3,7.9,1470,720.0,20.0,1.45,60.0,39.1,188.0,SEMIDURA,134.0,2023,10,31,Neutral,Good
2023-11-03,15:25,Puente Bilbao,13.0,0.78,24.4,7.5,800,390.0,50.0,1.89,30.0,150.0,114.0,BLANDA,59.0,2023,11,3,Neutral,Good
2023-11-03,15:25,Puente Bilbao,13.0,0.78,24.4,7.5,810,400.0,50.0,0.54,30.0,219.0,114.0,BLANDA,59.0,2023,11,3,Neutral,Good
2023-11-03,15:35,Arroyo_Las Torres,13.0,0.78,24.4,7.6,700,340.0,14.0,0.61,30.0,87.1,131.0,BLANDA,63.0,2023,11,3,Neutral,Good
2023-11-03,15:35,Arroyo_Las Torres,13.0,0.78,24.2,7.6,730,360.0,14.0,0.9,30.0,172.0,131.0,BLANDA,63.0,2023,11,3,Neutral,Good
2023-11-03,15:40,Puente Irigoyen,13.0,0.78,24.3,7.6,820,400.0,40.0,0.92,50.0,69.2,137.0,BLANDA,71.0,2023,11,3,Neutral,Good
2023-11-03,15:40,Puente Irigoyen,13.0,0.78,24.3,7.7,860,420.0,40.0,0.73,50.0,137.0,137.0,BLANDA,71.0,2023,11,3,Neutral,Good
2023-11-03,15:50,Arroyo Salguero,13.0,0.78,24.2,7.4,540,260.0,10.0,1.44,30.0,7.41,154.0,SEMIDURA,32.0,2023,11,3,Neutral,Good
2023-11-03,15:50,Arroyo Salguero,13.0,0.78,24.6,7.6,580,280.0,10.0,1.99,30.0,13.0,154.0,SEMIDURA,32.0,2023,11,3,Neutral,Good
2023-11-03,15:55,Puente Falbo,13.0,0.78,24.6,7.6,1110,550.0,40.0,0.49,55.0,104.0,314.0,SEMIDURA,138.0,2023,11,3,Neutral,Good
2023-11-03,15:55,Puente Falbo,13.0,0.78,24.7,7.6,1160,570.0,40.0,0.52,55.0,181.0,314.0,SEMIDURA,138.0,2023,11,3,Neutral,Good
2023-11-21,15:25,Puente Bilbao,20.0,0.52,26.3,7.8,1050,520.0,50.0,1.17,35.0,118.0,108.0,BLANDA,79.0,2023,11,21,Neutral,Good
2023-11-21,15:25,Puente Bilbao,20.0,0.52,26.1,7.8,970,480.0,50.0,0.91,35.0,92.1,108.0,BLANDA,79.0,2023,11,21,Neutral,Good
2023-11-21,15:40,Arroyo_Las Torres,20.0,0.52,26.2,7.9,1530,760.0,18.0,1.33,35.0,19.4,234.0,SEMIDURA,150.0,2023,11,21,Neutral,Good
2023-11-21,15:40,Arroyo_Las Torres,20.0,0.52,26.1,8.0,1550,770.0,18.0,0.55,35.0,24.5,234.0,SEMIDURA,150.0,2023,11,21,Neutral,Good
2023-11-21,15:45,Puente Irigoyen,20.0,0.52,26.2,7.8,1240,610.0,60.0,1.04,45.0,60.0,177.0,SEMIDURA,115.0,2023,11,21,Neutral,Good
2023-11-21,15:45,Puente Irigoyen,20.0,0.52,26.2,7.8,1260,620.0,60.0,0.63,45.0,66.1,177.0,SEMIDURA,115.0,2023,11,21,Neutral,Good
2023-11-21,15:50,Arroyo Salguero,20.0,0.52,26.4,7.6,1070,530.0,10.0,1.85,40.0,2.3,268.0,SEMIDURA,71.0,2023,11,21,Neutral,Good
2023-11-21,15:50,Arroyo Salguero,20.0,0.52,26.3,7.7,1010,490.0,10.0,1.15,40.0,2.9,268.0,SEMIDURA,71.0,2023,11,21,Neutral,Good
2023-11-21,16:00,Puente Falbo,20.0,0.52,26.3,7.6,1080,530.0,44.0,0.97,60.0,296.1,137.0,BLANDA,95.0,2023,11,21,Neutral,Good
2023-11-21,16:00,Puente Falbo,20.0,0.52,26.4,7.7,1090,540.0,44.0,0.64,60.0,296.1,137.0,BLANDA,95.0,2023,11,21,Neutral,Good
2023-11-28,14:50,Puente Bilbao,30.5,0.5,27.7,7.8,1460,700.0,80.0,0.96,30.0,52.0,154.0,SEMIDURA,142.0,2023,11,28,Neutral,Good
2023-11-28,14:50,Puente Bilbao,30.5,0.5,27.6,7.8,1410,700.0,80.0,1.31,30.0,63.9,154.0,SEMIDURA,142.0,2023,11,28,Neutral,Good
2023-11-28,15:00,Arroyo_Las Torres,30.5,0.5,27.6,8.2,1570,780.0,30.0,1.31,30.0,4.47,223.0,SEMIDURA,166.0,2023,11,28,Neutral,Good
2023-11-28,15:00,Arroyo_Las Torres,30.5,0.5,27.6,8.2,1570,780.0,30.0,0.96,30.0,10.6,223.0,SEMIDURA,166.0,2023,11,28,Neutral,Good
2023-11-28,15:05,Puente Irigoyen,30.5,0.5,27.6,8.0,1530,760.0,40.0,0.52,40.0,19.6,194.0,SEMIDURA,150.0,2023,11,28,Neutral,Good
2023-11-28,15:05,Puente Irigoyen,30.5,0.5,27.6,7.9,1530,760.0,40.0,0.47,40.0,21.3,194.0,SEMIDURA,150.0,2023,11,28,Neutral,Good
2023-11-28,15:15,Arroyo Salguero,30.5,0.5,27.6,7.8,1050,520.0,1.0,1.34,25.0,1.06,245.0,SEMIDURA,71.0,2023,11,28,Neutral,Good
2023-11-28,15:15,Arroyo Salguero,30.5,0.5,27.6,7.6,1030,500.0,1.0,1.03,25.0,1.64,245.0,SEMIDURA,71.0,2023,11,28,Neutral,Good
2023-11-28,15:20,Puente Falbo,30.5,0.5,27.6,7.3,1510,750.0,60.0,0.45,55.0,243.0,200.0,SEMIDURA,109.0,2023,11,28,Neutral,Good
2023-11-28,15:20,Puente Falbo,30.5,0.5,27.6,7.2,1500,740.0,60.0,0.46,55.0,296.1,200.0,SEMIDURA,109.0,2023,11,28,Neutral,Good
